{
  "project_info": {
    "project_number": "780469647743",
    "firebase_url": "https://covid-watch-main.firebaseio.com",
    "project_id": "covid-watch-main",
    "storage_bucket": "covid-watch-main.appspot.com"
  },
  "client": [
    {
      "client_info": {
        "mobilesdk_app_id": "1:780469647743:android:21a6aae0db2311f46bc24a",
        "android_client_info": {
          "package_name": "org.covidwatch.main.android"
        }
      },
      "oauth_client": [
        {
          "client_id": "780469647743-qq45eg41m746d28696mth5kbbev0iefr.apps.googleusercontent.com",
          "client_type": 3
        }
      ],
      "api_key": [
        {
          "current_key": "AIzaSyCyOZc3CHnelJy5h9hyAq2j6XJkVpKouAk"
        }
      ],
      "services": {
        "appinvite_service": {
          "other_platform_oauth_client": [
            {
              "client_id": "780469647743-qq45eg41m746d28696mth5kbbev0iefr.apps.googleusercontent.com",
              "client_type": 3
            }
          ]
        }
      }
    }
  ],
  "configuration_version": "1"
}