{
  "project_info": {
    "project_number": "0",
    "project_id": "api-project-0"
  },
  "client": [
    {
      "client_info": {
        "mobilesdk_app_id": "1:0:android:0",
        "android_client_info": {
          "package_name": "gov.azdhs.covidwatch.android"
        }
      },
      "api_key": [
        {
          "current_key": "none"
        }
      ]
    },
    {
      "client_info": {
        "mobilesdk_app_id": "1:0:android:0",
        "android_client_info": {
          "package_name": "org.covidwatch.main.android"
        }
      },
      "api_key": [
        {
          "current_key": "none"
        }
      ]
    }
  ]
}