{
  "project_info": {
    "project_number": "1006148630297",
    "firebase_url": "https://covid-watch-arizona.firebaseio.com",
    "project_id": "covid-watch-arizona",
    "storage_bucket": "covid-watch-arizona.appspot.com"
  },
  "client": [
    {
      "client_info": {
        "mobilesdk_app_id": "1:1006148630297:android:bff5609cbc7a2c789ef788",
        "android_client_info": {
          "package_name": "gov.azdhs.covidwatch.android"
        }
      },
      "oauth_client": [
        {
          "client_id": "1006148630297-o8aii2gi63hm3pau5pkiqa3c7g0frc3p.apps.googleusercontent.com",
          "client_type": 3
        }
      ],
      "api_key": [
        {
          "current_key": "AIzaSyBUOFGkDiNQQJkrzdxy2YePiXJA4YmAHlI"
        }
      ],
      "services": {
        "appinvite_service": {
          "other_platform_oauth_client": [
            {
              "client_id": "1006148630297-o8aii2gi63hm3pau5pkiqa3c7g0frc3p.apps.googleusercontent.com",
              "client_type": 3
            }
          ]
        }
      }
    },
    {
      "client_info": {
        "mobilesdk_app_id": "1:1006148630297:android:7f040cc8b63e5cf59ef788",
        "android_client_info": {
          "package_name": "org.covidwatch.android.arizona"
        }
      },
      "oauth_client": [
        {
          "client_id": "1006148630297-o8aii2gi63hm3pau5pkiqa3c7g0frc3p.apps.googleusercontent.com",
          "client_type": 3
        }
      ],
      "api_key": [
        {
          "current_key": "AIzaSyBUOFGkDiNQQJkrzdxy2YePiXJA4YmAHlI"
        }
      ],
      "services": {
        "appinvite_service": {
          "other_platform_oauth_client": [
            {
              "client_id": "1006148630297-o8aii2gi63hm3pau5pkiqa3c7g0frc3p.apps.googleusercontent.com",
              "client_type": 3
            }
          ]
        }
      }
    }
  ],
  "configuration_version": "1"
}